"id","paperId","questionNumber","questionText","questionType","marks","rawLlMExtractedQuestion"
"1001","101","1","Which organelle is responsible for protein synthesis?","MCQ","1","{""question_number"":""1"",""question_text"":""Which organelle is responsible for protein synthesis?"",""question_type"":""MCQ"",""marks"":1,""mcq_options"":[""A. Ribosome"",""B. Mitochondria"",""C. Nucleus"",""D. Golgi apparatus""]}"
"1002","101","2","Which process occurs in chloroplasts?","MCQ","1","{""question_number"":""2"",""question_text"":""Which process occurs in chloroplasts?"",""question_type"":""MCQ"",""marks"":1,""mcq_options"":[""A. Respiration"",""B. Photosynthesis"",""C. Protein synthesis"",""D. Cell division""]}"
"1003","101","3","Which blood vessel carries oxygenated blood away from the heart?","MCQ","1","{""question_number"":""3"",""question_text"":""Which blood vessel carries oxygenated blood away from the heart?"",""question_type"":""MCQ"",""marks"":1,""mcq_options"":[""A. Vein"",""B. Artery"",""C. Capillary"",""D. Venule""]}"
"1004","101","4","What is the basic unit of heredity?","MCQ","1","{""question_number"":""4"",""question_text"":""What is the basic unit of heredity?"",""question_type"":""MCQ"",""marks"":1,""mcq_options"":[""A. Chromosome"",""B. Gene"",""C. DNA"",""D. Allele""]}"
"1005","101","5","Which enzyme breaks down starch into maltose?","MCQ","1","{""question_number"":""5"",""question_text"":""Which enzyme breaks down starch into maltose?"",""question_type"":""MCQ"",""marks"":1,""mcq_options"":[""A. Pepsin"",""B. Amylase"",""C. Lipase"",""D. Trypsin""]}"
"1006","101","6","What is the main function of the cell membrane?","MCQ","1","{""question_number"":""6"",""question_text"":""What is the main function of the cell membrane?"",""question_type"":""MCQ"",""marks"":1,""mcq_options"":[""A. Energy production"",""B. Protein synthesis"",""C. Selective permeability"",""D. DNA storage""]}"
"1007","101","7","Which part of the brain controls balance and coordination?","MCQ","1","{""question_number"":""7"",""question_text"":""Which part of the brain controls balance and coordination?"",""question_type"":""MCQ"",""marks"":1,""mcq_options"":[""A. Cerebrum"",""B. Cerebellum"",""C. Medulla"",""D. Hypothalamus""]}"
"1008","101","8","What is the process by which plants lose water through their leaves?","MCQ","1","{""question_number"":""8"",""question_text"":""What is the process by which plants lose water through their leaves?"",""question_type"":""MCQ"",""marks"":1,""mcq_options"":[""A. Transpiration"",""B. Respiration"",""C. Photosynthesis"",""D. Osmosis""]}"
"1009","101","9","Which hormone regulates blood sugar levels?","MCQ","1","{""question_number"":""9"",""question_text"":""Which hormone regulates blood sugar levels?"",""question_type"":""MCQ"",""marks"":1,""mcq_options"":[""A. Adrenaline"",""B. Insulin"",""C. Thyroxine"",""D. Growth hormone""]}"
"1010","101","10","Which type of cell division produces gametes?","MCQ","1","{""question_number"":""10"",""question_text"":""Which type of cell division produces gametes?"",""question_type"":""MCQ"",""marks"":1,""mcq_options"":[""A. Mitosis"",""B. Meiosis"",""C. Binary fission"",""D. Budding""]}"
"1011","102","11","Which tissue transports water in plants?","MCQ","1","{""question_number"":""11"",""question_text"":""Which tissue transports water in plants?"",""question_type"":""MCQ"",""marks"":1,""mcq_options"":[""A. Phloem"",""B. Xylem"",""C. Cambium"",""D. Epidermis""]}"
"1012","102","12","What is the main function of white blood cells?","MCQ","1","{""question_number"":""12"",""question_text"":""What is the main function of white blood cells?"",""question_type"":""MCQ"",""marks"":1,""mcq_options"":[""A. Oxygen transport"",""B. Blood clotting"",""C. Immune defense"",""D. Nutrient transport""]}"
"1013","102","13","Which gas is released during photosynthesis?","MCQ","1","{""question_number"":""13"",""question_text"":""Which gas is released during photosynthesis?"",""question_type"":""MCQ"",""marks"":1,""mcq_options"":[""A. Carbon dioxide"",""B. Oxygen"",""C. Nitrogen"",""D. Hydrogen""]}"
"1014","102","14","Which organ system is responsible for excretion?","MCQ","1","{""question_number"":""14"",""question_text"":""Which organ system is responsible for excretion?"",""question_type"":""MCQ"",""marks"":1,""mcq_options"":[""A. Digestion"",""B. Circulation"",""C. Excretion"",""D. Respiration""]}"
"1015","102","15","Which type of muscle is found in the heart?","MCQ","1","{""question_number"":""15"",""question_text"":""Which type of muscle is found in the heart?"",""question_type"":""MCQ"",""marks"":1,""mcq_options"":[""A. Skeletal"",""B. Smooth"",""C. Cardiac"",""D. Voluntary""]}"
"1016","102","16","What is the main component of plant cell walls?","MCQ","1","{""question_number"":""16"",""question_text"":""What is the main component of plant cell walls?"",""question_type"":""MCQ"",""marks"":1,""mcq_options"":[""A. Protein"",""B. Cellulose"",""C. Lipid"",""D. Starch""]}"
"1017","102","17","Which process converts glucose into energy?","MCQ","1","{""question_number"":""17"",""question_text"":""Which process converts glucose into energy?"",""question_type"":""MCQ"",""marks"":1,""mcq_options"":[""A. Photosynthesis"",""B. Cellular respiration"",""C. Fermentation"",""D. Glycolysis""]}"
"1018","102","18","What is the main function of red blood cells?","MCQ","1","{""question_number"":""18"",""question_text"":""What is the main function of red blood cells?"",""question_type"":""MCQ"",""marks"":1,""mcq_options"":[""A. Immune defense"",""B. Blood clotting"",""C. Oxygen transport"",""D. Nutrient storage""]}"
"1019","102","19","Which structure controls what enters and leaves the nucleus?","MCQ","1","{""question_number"":""19"",""question_text"":""Which structure controls what enters and leaves the nucleus?"",""question_type"":""MCQ"",""marks"":1,""mcq_options"":[""A. Nuclear membrane"",""B. Nucleolus"",""C. Chromatin"",""D. Nuclear pore""]}"
"1020","102","20","What is the main function of the liver?","MCQ","1","{""question_number"":""20"",""question_text"":""What is the main function of the liver?"",""question_type"":""MCQ"",""marks"":1,""mcq_options"":[""A. Oxygen transport"",""B. Detoxification"",""C. Hormone production"",""D. Blood circulation""]}"
"1021","103","21","Explain the process of photosynthesis and its importance to life on Earth.","FRQ","3","{""question_number"":""21"",""question_text"":""Explain the process of photosynthesis and its importance to life on Earth."",""question_type"":""FRQ"",""marks"":3,""mcq_options"":null}"
"1022","103","22","Describe the structure and function of the human heart.","FRQ","4","{""question_number"":""22"",""question_text"":""Describe the structure and function of the human heart."",""question_type"":""FRQ"",""marks"":4,""mcq_options"":null}"
"1023","103","23","Compare and contrast mitosis and meiosis.","FRQ","5","{""question_number"":""23"",""question_text"":""Compare and contrast mitosis and meiosis."",""question_type"":""FRQ"",""marks"":5,""mcq_options"":null}"
"1024","103","24","Explain how enzymes work and factors that affect enzyme activity.","FRQ","4","{""question_number"":""24"",""question_text"":""Explain how enzymes work and factors that affect enzyme activity."",""question_type"":""FRQ"",""marks"":4,""mcq_options"":null}"
"1025","103","25","Describe the process of protein synthesis from DNA to protein.","FRQ","6","{""question_number"":""25"",""question_text"":""Describe the process of protein synthesis from DNA to protein."",""question_type"":""FRQ"",""marks"":6,""mcq_options"":null}"
"1026","103","26","Explain the role of hormones in maintaining homeostasis.","FRQ","4","{""question_number"":""26"",""question_text"":""Explain the role of hormones in maintaining homeostasis."",""question_type"":""FRQ"",""marks"":4,""mcq_options"":null}"
"1027","103","27","Describe the process of evolution by natural selection.","FRQ","5","{""question_number"":""27"",""question_text"":""Describe the process of evolution by natural selection."",""question_type"":""FRQ"",""marks"":5,""mcq_options"":null}"
"1028","103","28","Explain the importance of biodiversity and threats to it.","FRQ","4","{""question_number"":""28"",""question_text"":""Explain the importance of biodiversity and threats to it."",""question_type"":""FRQ"",""marks"":4,""mcq_options"":null}"
"1029","103","29","Describe the carbon cycle and its importance to ecosystems.","FRQ","5","{""question_number"":""29"",""question_text"":""Describe the carbon cycle and its importance to ecosystems."",""question_type"":""FRQ"",""marks"":5,""mcq_options"":null}"
"1030","103","30","Explain how the nervous system coordinates responses to stimuli.","FRQ","4","{""question_number"":""30"",""question_text"":""Explain how the nervous system coordinates responses to stimuli."",""question_type"":""FRQ"",""marks"":4,""mcq_options"":null}"
"1031","104","31","Describe the process of cellular respiration and its stages.","FRQ","5","{""question_number"":""31"",""question_text"":""Describe the process of cellular respiration and its stages."",""question_type"":""FRQ"",""marks"":5,""mcq_options"":null}"
"1032","104","32","Explain the structure and function of DNA.","FRQ","4","{""question_number"":""32"",""question_text"":""Explain the structure and function of DNA."",""question_type"":""FRQ"",""marks"":4,""mcq_options"":null}"
"1033","104","33","Describe how plants adapt to different environments.","FRQ","4","{""question_number"":""33"",""question_text"":""Describe how plants adapt to different environments."",""question_type"":""FRQ"",""marks"":4,""mcq_options"":null}"
"1034","104","34","Explain the process of digestion in humans.","FRQ","5","{""question_number"":""34"",""question_text"":""Explain the process of digestion in humans."",""question_type"":""FRQ"",""marks"":5,""mcq_options"":null}"
"1035","104","35","Describe the immune system and how it protects the body.","FRQ","4","{""question_number"":""35"",""question_text"":""Describe the immune system and how it protects the body."",""question_type"":""FRQ"",""marks"":4,""mcq_options"":null}"
"1036","104","36","Explain the process of transpiration in plants.","FRQ","3","{""question_number"":""36"",""question_text"":""Explain the process of transpiration in plants."",""question_type"":""FRQ"",""marks"":3,""mcq_options"":null}"
"1037","104","37","Describe the structure and function of the kidney.","FRQ","4","{""question_number"":""37"",""question_text"":""Describe the structure and function of the kidney."",""question_type"":""FRQ"",""marks"":4,""mcq_options"":null}"
"1038","104","38","Explain how genetic variation arises and its importance.","FRQ","5","{""question_number"":""38"",""question_text"":""Explain how genetic variation arises and its importance."",""question_type"":""FRQ"",""marks"":5,""mcq_options"":null}"
"1039","104","39","Describe the nitrogen cycle and its ecological importance.","FRQ","4","{""question_number"":""39"",""question_text"":""Describe the nitrogen cycle and its ecological importance."",""question_type"":""FRQ"",""marks"":4,""mcq_options"":null}"
"1040","104","40","Explain the process of reproduction in flowering plants.","FRQ","5","{""question_number"":""40"",""question_text"":""Explain the process of reproduction in flowering plants."",""question_type"":""FRQ"",""marks"":5,""mcq_options"":null}"
"1041","105","41","Which vitamin is synthesized in the skin when exposed to sunlight?","MCQ","1","{""question_number"":""41"",""question_text"":""Which vitamin is synthesized in the skin when exposed to sunlight?"",""question_type"":""MCQ"",""marks"":1,""mcq_options"":[""A. Vitamin A"",""B. Vitamin C"",""C. Vitamin D"",""D. Vitamin K""]}"
"1042","105","42","What is the main function of platelets?","MCQ","1","{""question_number"":""42"",""question_text"":""What is the main function of platelets?"",""question_type"":""MCQ"",""marks"":1,""mcq_options"":[""A. Oxygen transport"",""B. Immune defense"",""C. Blood clotting"",""D. Nutrient transport""]}"
"1043","105","43","Which organelle is known as the powerhouse of the cell?","MCQ","1","{""question_number"":""43"",""question_text"":""Which organelle is known as the powerhouse of the cell?"",""question_type"":""MCQ"",""marks"":1,""mcq_options"":[""A. Nucleus"",""B. Mitochondria"",""C. Ribosome"",""D. Endoplasmic reticulum""]}"
"1044","105","44","What type of cell engulfment is used by white blood cells to destroy pathogens?","MCQ","1","{""question_number"":""44"",""question_text"":""What type of cell engulfment is used by white blood cells to destroy pathogens?"",""question_type"":""MCQ"",""marks"":1,""mcq_options"":[""A. Pinocytosis"",""B. Phagocytosis"",""C. Exocytosis"",""D. Endocytosis""]}"
"1045","105","45","Which part of a flower produces pollen?","MCQ","1","{""question_number"":""45"",""question_text"":""Which part of a flower produces pollen?"",""question_type"":""MCQ"",""marks"":1,""mcq_options"":[""A. Pistil"",""B. Stamen"",""C. Sepal"",""D. Petal""]}"
"1046","105","46","What is the primary function of the small intestine?","MCQ","1","{""question_number"":""46"",""question_text"":""What is the primary function of the small intestine?"",""question_type"":""MCQ"",""marks"":1,""mcq_options"":[""A. Water absorption"",""B. Nutrient absorption"",""C. Waste storage"",""D. Enzyme production""]}"
"1047","105","47","Which type of reproduction produces genetically identical offspring?","MCQ","1","{""question_number"":""47"",""question_text"":""Which type of reproduction produces genetically identical offspring?"",""question_type"":""MCQ"",""marks"":1,""mcq_options"":[""A. Sexual"",""B. Asexual"",""C. Binary"",""D. Conjugation""]}"
"1048","105","48","What is the primary function of stomata?","MCQ","1","{""question_number"":""48"",""question_text"":""What is the primary function of stomata?"",""question_type"":""MCQ"",""marks"":1,""mcq_options"":[""A. Photosynthesis"",""B. Gas exchange"",""C. Water storage"",""D. Nutrient transport""]}"
"1049","105","49","Which plant hormone promotes cell elongation and growth?","MCQ","1","{""question_number"":""49"",""question_text"":""Which plant hormone promotes cell elongation and growth?"",""question_type"":""MCQ"",""marks"":1,""mcq_options"":[""A. Gibberellin"",""B. Cytokinin"",""C. Auxin"",""D. Abscisic acid""]}"
"1050","105","50","What is the basic unit of the nervous system?","MCQ","1","{""question_number"":""50"",""question_text"":""What is the basic unit of the nervous system?"",""question_type"":""MCQ"",""marks"":1,""mcq_options"":[""A. Neuron"",""B. Synapse"",""C. Dendrite"",""D. Axon""]}"
"1051","106","51","Which process requires light energy to occur?","MCQ","1","{""question_number"":""51"",""question_text"":""Which process requires light energy to occur?"",""question_type"":""MCQ"",""marks"":1,""mcq_options"":[""A. Respiration"",""B. Photosynthesis"",""C. Transpiration"",""D. Digestion""]}"
"1052","106","52","What is the main function of carbohydrates in the body?","MCQ","1","{""question_number"":""52"",""question_text"":""What is the main function of carbohydrates in the body?"",""question_type"":""MCQ"",""marks"":1,""mcq_options"":[""A. Energy production"",""B. Structural support"",""C. Protein synthesis"",""D. Waste removal""]}"
"1053","106","53","Which type of blood cell is involved in immune responses?","MCQ","1","{""question_number"":""53"",""question_text"":""Which type of blood cell is involved in immune responses?"",""question_type"":""MCQ"",""marks"":1,""mcq_options"":[""A. Red blood cells"",""B. White blood cells"",""C. Platelets"",""D. Plasma""]}"
"1054","106","54","What is the primary function of the alveoli in the lungs?","MCQ","1","{""question_number"":""54"",""question_text"":""What is the primary function of the alveoli in the lungs?"",""question_type"":""MCQ"",""marks"":1,""mcq_options"":[""A. Nutrient transport"",""B. Gas exchange"",""C. Waste removal"",""D. Temperature regulation""]}"
"1055","106","55","Which structure in the eye focuses light onto the retina?","MCQ","1","{""question_number"":""55"",""question_text"":""Which structure in the eye focuses light onto the retina?"",""question_type"":""MCQ"",""marks"":1,""mcq_options"":[""A. Cornea"",""B. Lens"",""C. Retina"",""D. Pupil""]}"
"1056","106","56","What is the role of enzymes in chemical reactions?","MCQ","1","{""question_number"":""56"",""question_text"":""What is the role of enzymes in chemical reactions?"",""question_type"":""MCQ"",""marks"":1,""mcq_options"":[""A. Energy source"",""B. Catalyst"",""C. Product"",""D. Inhibitor""]}"
"1057","106","57","Which process involves the movement of water molecules through a partially permeable membrane?","MCQ","1","{""question_number"":""57"",""question_text"":""Which process involves the movement of water molecules through a partially permeable membrane?"",""question_type"":""MCQ"",""marks"":1,""mcq_options"":[""A. Active transport"",""B. Osmosis"",""C. Diffusion"",""D. Facilitated diffusion""]}"
"1058","106","58","What is the function of the Golgi apparatus?","MCQ","1","{""question_number"":""58"",""question_text"":""What is the function of the Golgi apparatus?"",""question_type"":""MCQ"",""marks"":1,""mcq_options"":[""A. Protein modification"",""B. Energy production"",""C. DNA replication"",""D. Waste removal""]}"
"1059","106","59","Which hormone regulates metabolic rate?","MCQ","1","{""question_number"":""59"",""question_text"":""Which hormone regulates metabolic rate?"",""question_type"":""MCQ"",""marks"":1,""mcq_options"":[""A. Insulin"",""B. Adrenaline"",""C. Thyroxine"",""D. Growth hormone""]}"
"1060","106","60","What is the primary function of root hairs?","MCQ","1","{""question_number"":""60"",""question_text"":""What is the primary function of root hairs?"",""question_type"":""MCQ"",""marks"":1,""mcq_options"":[""A. Photosynthesis"",""B. Water and mineral absorption"",""C. Structural support"",""D. Reproduction""]}"
"1061","107","61","Which organelle contains digestive enzymes?","MCQ","1","{""question_number"":""61"",""question_text"":""Which organelle contains digestive enzymes?"",""question_type"":""MCQ"",""marks"":1,""mcq_options"":[""A. Ribosome"",""B. Lysosome"",""C. Mitochondria"",""D. Nucleus""]}"
"1062","107","62","What is the main function of the diaphragm?","MCQ","1","{""question_number"":""62"",""question_text"":""What is the main function of the diaphragm?"",""question_type"":""MCQ"",""marks"":1,""mcq_options"":[""A. Blood circulation"",""B. Breathing"",""C. Digestion"",""D. Hormone production""]}"
"1063","107","63","Which structure protects the seed embryo?","MCQ","1","{""question_number"":""63"",""question_text"":""Which structure protects the seed embryo?"",""question_type"":""MCQ"",""marks"":1,""mcq_options"":[""A. Fruit"",""B. Seed coat"",""C. Petal"",""D. Leaf""]}"
"1064","107","64","Which part of the brain is responsible for thinking and memory?","MCQ","1","{""question_number"":""64"",""question_text"":""Which part of the brain is responsible for thinking and memory?"",""question_type"":""MCQ"",""marks"":1,""mcq_options"":[""A. Balance"",""B. Breathing"",""C. Thinking and memory"",""D. Heart rate""]}"
"1065","107","65","Which process requires energy from ATP?","MCQ","1","{""question_number"":""65"",""question_text"":""Which process requires energy from ATP?"",""question_type"":""MCQ"",""marks"":1,""mcq_options"":[""A. Diffusion"",""B. Osmosis"",""C. Active transport"",""D. Facilitated diffusion""]}"
"1066","107","66","What is the function of the lens in the eye?","MCQ","1","{""question_number"":""66"",""question_text"":""What is the function of the lens in the eye?"",""question_type"":""MCQ"",""marks"":1,""mcq_options"":[""A. Color detection"",""B. Light focusing"",""C. Light detection"",""D. Pupil control""]}"
"1067","107","67","Which type of muscle is found in the walls of blood vessels?","MCQ","1","{""question_number"":""67"",""question_text"":""Which type of muscle is found in the walls of blood vessels?"",""question_type"":""MCQ"",""marks"":1,""mcq_options"":[""A. Skeletal"",""B. Smooth"",""C. Striated"",""D. Voluntary""]}"
"1068","107","68","What is the main function of the kidneys?","MCQ","1","{""question_number"":""68"",""question_text"":""What is the main function of the kidneys?"",""question_type"":""MCQ"",""marks"":1,""mcq_options"":[""A. Digestion"",""B. Circulation"",""C. Waste removal"",""D. Hormone production""]}"
"1069","107","69","Which part of a flower receives pollen?","MCQ","1","{""question_number"":""69"",""question_text"":""Which part of a flower receives pollen?"",""question_type"":""MCQ"",""marks"":1,""mcq_options"":[""A. Anther"",""B. Stigma"",""C. Ovary"",""D. Filament""]}"
"1070","107","70","What is the function of the pancreas in the digestive system?","MCQ","1","{""question_number"":""70"",""question_text"":""What is the function of the pancreas in the digestive system?"",""question_type"":""MCQ"",""marks"":1,""mcq_options"":[""A. Blood pressure regulation"",""B. Blood sugar regulation"",""C. Heart rate control"",""D. Breathing control""]}"
"1071","108","71","Which process produces oxygen as a byproduct?","MCQ","1","{""question_number"":""71"",""question_text"":""Which process produces oxygen as a byproduct?"",""question_type"":""MCQ"",""marks"":1,""mcq_options"":[""A. Cellular respiration"",""B. Photosynthesis"",""C. Fermentation"",""D. Glycolysis""]}"
"1072","108","72","What is the function of the epiglottis?","MCQ","1","{""question_number"":""72"",""question_text"":""What is the function of the epiglottis?"",""question_type"":""MCQ"",""marks"":1,""mcq_options"":[""A. Sound production"",""B. Preventing food from entering airways"",""C. Gas exchange"",""D. Filtering air""]}"
"1073","108","73","Which structure connects bones to bones?","MCQ","1","{""question_number"":""73"",""question_text"":""Which structure connects bones to bones?"",""question_type"":""MCQ"",""marks"":1,""mcq_options"":[""A. Tendon"",""B. Ligament"",""C. Cartilage"",""D. Muscle""]}"
"1074","108","74","What is the main function of the nervous system?","MCQ","1","{""question_number"":""74"",""question_text"":""What is the main function of the nervous system?"",""question_type"":""MCQ"",""marks"":1,""mcq_options"":[""A. Transport"",""B. Communication and control"",""C. Digestion"",""D. Excretion""]}"
"1075","108","75","Which organelle is responsible for cellular respiration?","MCQ","1","{""question_number"":""75"",""question_text"":""Which organelle is responsible for cellular respiration?"",""question_type"":""MCQ"",""marks"":1,""mcq_options"":[""A. Chloroplast"",""B. Mitochondria"",""C. Nucleus"",""D. Ribosome""]}"
"1076","108","76","What is the function of the retina in the eye?","MCQ","1","{""question_number"":""76"",""question_text"":""What is the function of the retina in the eye?"",""question_type"":""MCQ"",""marks"":1,""mcq_options"":[""A. Light focusing"",""B. Light detection"",""C. Pupil control"",""D. Eye movement""]}"
"1077","108","77","Which plant hormone is responsible for phototropism?","MCQ","1","{""question_number"":""77"",""question_text"":""Which plant hormone is responsible for phototropism?"",""question_type"":""MCQ"",""marks"":1,""mcq_options"":[""A. Auxin"",""B. Cytokinin"",""C. Gibberellin"",""D. Abscisic acid""]}"
"1078","108","78","What is the function of the hypothalamus?","MCQ","1","{""question_number"":""78"",""question_text"":""What is the function of the hypothalamus?"",""question_type"":""MCQ"",""marks"":1,""mcq_options"":[""A. Memory storage"",""B. Temperature regulation"",""C. Balance control"",""D. Muscle coordination""]}"
"1079","108","79","Which process involves the movement of molecules from high to low concentration?","MCQ","1","{""question_number"":""79"",""question_text"":""Which process involves the movement of molecules from high to low concentration?"",""question_type"":""MCQ"",""marks"":1,""mcq_options"":[""A. Active transport"",""B. Diffusion"",""C. Osmosis"",""D. Endocytosis""]}"
"1080","108","80","What is the function of the gallbladder?","MCQ","1","{""question_number"":""80"",""question_text"":""What is the function of the gallbladder?"",""question_type"":""MCQ"",""marks"":1,""mcq_options"":[""A. Bile production"",""B. Bile storage"",""C. Enzyme production"",""D. Acid production""]}"
"1081","109","81","Which blood vessel carries blood to the heart?","MCQ","1","{""question_number"":""81"",""question_text"":""Which blood vessel carries blood to the heart?"",""question_type"":""MCQ"",""marks"":1,""mcq_options"":[""A. Vein"",""B. Artery"",""C. Capillary"",""D. Venule""]}"
"1082","109","82","What is the main function of the skeleton?","MCQ","1","{""question_number"":""82"",""question_text"":""What is the main function of the skeleton?"",""question_type"":""MCQ"",""marks"":1,""mcq_options"":[""A. Gas exchange"",""B. Support and protection"",""C. Hormone production"",""D. Waste removal""]}"
"1083","109","83","Which structure in the ear detects sound vibrations?","MCQ","1","{""question_number"":""83"",""question_text"":""Which structure in the ear detects sound vibrations?"",""question_type"":""MCQ"",""marks"":1,""mcq_options"":[""A. Eardrum"",""B. Cochlea"",""C. Semicircular canals"",""D. Auditory nerve""]}"
"1084","109","84","What is the function of the pituitary gland?","MCQ","1","{""question_number"":""84"",""question_text"":""What is the function of the pituitary gland?"",""question_type"":""MCQ"",""marks"":1,""mcq_options"":[""A. Digestion"",""B. Hormone regulation"",""C. Blood circulation"",""D. Breathing""]}"
"1085","109","85","Which process results in the formation of a zygote?","MCQ","1","{""question_number"":""85"",""question_text"":""Which process results in the formation of a zygote?"",""question_type"":""MCQ"",""marks"":1,""mcq_options"":[""A. Mitosis"",""B. Meiosis"",""C. Fertilization"",""D. Binary fission""]}"
"1086","109","86","What is the main function of the nephron?","MCQ","1","{""question_number"":""86"",""question_text"":""What is the main function of the nephron?"",""question_type"":""MCQ"",""marks"":1,""mcq_options"":[""A. Digestion"",""B. Blood filtration"",""C. Hormone production"",""D. Gas exchange""]}"
"1087","109","87","Which structure reduces water loss in plants?","MCQ","1","{""question_number"":""87"",""question_text"":""Which structure reduces water loss in plants?"",""question_type"":""MCQ"",""marks"":1,""mcq_options"":[""A. Stomata"",""B. Cuticle"",""C. Xylem"",""D. Phloem""]}"
"1088","109","88","What is the main component of bone?","MCQ","1","{""question_number"":""88"",""question_text"":""What is the main component of bone?"",""question_type"":""MCQ"",""marks"":1,""mcq_options"":[""A. Protein"",""B. Calcium phosphate"",""C. Cartilage"",""D. Collagen""]}"
"1089","109","89","Which hormone is released during the 'fight or flight' response?","MCQ","1","{""question_number"":""89"",""question_text"":""Which hormone is released during the 'fight or flight' response?"",""question_type"":""MCQ"",""marks"":1,""mcq_options"":[""A. Insulin"",""B. Adrenaline"",""C. Growth hormone"",""D. Thyroxine""]}"
"1090","109","90","What is the function of the spleen?","MCQ","1","{""question_number"":""90"",""question_text"":""What is the function of the spleen?"",""question_type"":""MCQ"",""marks"":1,""mcq_options"":[""A. Digestion"",""B. Immune function"",""C. Hormone production"",""D. Blood storage""]}"
"1091","110","91","Which process occurs in the absence of oxygen?","MCQ","1","{""question_number"":""91"",""question_text"":""Which process occurs in the absence of oxygen?"",""question_type"":""MCQ"",""marks"":1,""mcq_options"":[""A. Aerobic respiration"",""B. Anaerobic respiration"",""C. Photosynthesis"",""D. Transpiration""]}"
"1092","110","92","What is the function of the trachea?","MCQ","1","{""question_number"":""92"",""question_text"":""What is the function of the trachea?"",""question_type"":""MCQ"",""marks"":1,""mcq_options"":[""A. Gas exchange"",""B. Air passage"",""C. Sound production"",""D. Filtering air""]}"
"1093","110","93","Which structure filters blood in the kidney?","MCQ","1","{""question_number"":""93"",""question_text"":""Which structure filters blood in the kidney?"",""question_type"":""MCQ"",""marks"":1,""mcq_options"":[""A. Ureter"",""B. Nephron"",""C. Bladder"",""D. Urethra""]}"
"1094","110","94","What is the function of the adrenal gland?","MCQ","1","{""question_number"":""94"",""question_text"":""What is the function of the adrenal gland?"",""question_type"":""MCQ"",""marks"":1,""mcq_options"":[""A. Digestion"",""B. Stress response"",""C. Blood circulation"",""D. Temperature regulation""]}"
"1095","110","95","Which type of tissue connects and supports other tissues?","MCQ","1","{""question_number"":""95"",""question_text"":""Which type of tissue connects and supports other tissues?"",""question_type"":""MCQ"",""marks"":1,""mcq_options"":[""A. Epithelial"",""B. Connective"",""C. Muscle"",""D. Nervous""]}"
"1096","110","96","What is the function of the bronchi?","MCQ","1","{""question_number"":""96"",""question_text"":""What is the function of the bronchi?"",""question_type"":""MCQ"",""marks"":1,""mcq_options"":[""A. Gas exchange"",""B. Air distribution"",""C. Sound production"",""D. Mucus production""]}"
"1097","110","97","Which hormone regulates calcium levels in the blood?","MCQ","1","{""question_number"":""97"",""question_text"":""Which hormone regulates calcium levels in the blood?"",""question_type"":""MCQ"",""marks"":1,""mcq_options"":[""A. Insulin"",""B. Parathyroid hormone"",""C. Adrenaline"",""D. Growth hormone""]}"
"1098","110","98","What is the function of the lymphatic system?","MCQ","1","{""question_number"":""98"",""question_text"":""What is the function of the lymphatic system?"",""question_type"":""MCQ"",""marks"":1,""mcq_options"":[""A. Digestion"",""B. Immunity and fluid balance"",""C. Gas exchange"",""D. Hormone production""]}"
"1099","110","99","In which plant structures does photosynthesis occur?","MCQ","1","{""question_number"":""99"",""question_text"":""In which plant structures does photosynthesis occur?"",""question_type"":""MCQ"",""marks"":1,""mcq_options"":[""A. Leaf"",""B. Root"",""C. Stem"",""D. All of the above""]}"
"1100","110","100","What is the function of the semicircular canals in the ear?","MCQ","1","{""question_number"":""100"",""question_text"":""What is the function of the semicircular canals in the ear?"",""question_type"":""MCQ"",""marks"":1,""mcq_options"":[""A. Hearing"",""B. Balance"",""C. Smell"",""D. Taste""]}"
"1101","111","101","Which vitamin is essential for blood clotting?","MCQ","1","{""question_number"":""101"",""question_text"":""Which vitamin is essential for blood clotting?"",""question_type"":""MCQ"",""marks"":1,""mcq_options"":[""A. Vitamin A"",""B. Vitamin C"",""C. Vitamin D"",""D. Vitamin K""]}"
"1102","111","102","What is the primary function of the alveoli?","MCQ","1","{""question_number"":""102"",""question_text"":""What is the primary function of the alveoli?"",""question_type"":""MCQ"",""marks"":1,""mcq_options"":[""A. Air passage"",""B. Gas exchange"",""C. Sound production"",""D. Air filtration""]}"
"1103","111","103","Which structure produces eggs in females?","MCQ","1","{""question_number"":""103"",""question_text"":""Which structure produces eggs in females?"",""question_type"":""MCQ"",""marks"":1,""mcq_options"":[""A. Uterus"",""B. Ovary"",""C. Fallopian tube"",""D. Cervix""]}"
"1104","111","104","What is the function of the cerebellum?","MCQ","1","{""question_number"":""104"",""question_text"":""What is the function of the cerebellum?"",""question_type"":""MCQ"",""marks"":1,""mcq_options"":[""A. Memory"",""B. Balance and coordination"",""C. Breathing"",""D. Heart rate""]}"
"1105","111","105","Which plant response is growth towards gravity?","MCQ","1","{""question_number"":""105"",""question_text"":""Which plant response is growth towards gravity?"",""question_type"":""MCQ"",""marks"":1,""mcq_options"":[""A. Phototropism"",""B. Geotropism"",""C. Hydrotropism"",""D. Thigmotropism""]}"
"1106","111","106","What is the function of the iris in the eye?","MCQ","1","{""question_number"":""106"",""question_text"":""What is the function of the iris in the eye?"",""question_type"":""MCQ"",""marks"":1,""mcq_options"":[""A. Light focusing"",""B. Pupil size control"",""C. Light detection"",""D. Color vision""]}"
"1107","111","107","Which type of immunity involves vaccination?","MCQ","1","{""question_number"":""107"",""question_text"":""Which type of immunity involves vaccination?"",""question_type"":""MCQ"",""marks"":1,""mcq_options"":[""A. Natural active"",""B. Artificial active"",""C. Natural passive"",""D. Artificial passive""]}"
"1108","111","108","What is the function of the endocrine system?","MCQ","1","{""question_number"":""108"",""question_text"":""What is the function of the endocrine system?"",""question_type"":""MCQ"",""marks"":1,""mcq_options"":[""A. Transport"",""B. Hormone regulation"",""C. Digestion"",""D. Excretion""]}"
"1109","111","109","Which structure prevents backflow of blood in the heart?","MCQ","1","{""question_number"":""109"",""question_text"":""Which structure prevents backflow of blood in the heart?"",""question_type"":""MCQ"",""marks"":1,""mcq_options"":[""A. Atrium"",""B. Ventricle"",""C. Valve"",""D. Septum""]}"
"1110","111","110","What is the function of the medulla oblongata?","MCQ","1","{""question_number"":""110"",""question_text"":""What is the function of the medulla oblongata?"",""question_type"":""MCQ"",""marks"":1,""mcq_options"":[""A. Memory"",""B. Vital functions control"",""C. Balance"",""D. Voluntary movement""]}"
"1111","112","111","What is the upward movement of water in plants called?","MCQ","1","{""question_number"":""111"",""question_text"":""What is the upward movement of water in plants called?"",""question_type"":""MCQ"",""marks"":1,""mcq_options"":[""A. Transpiration stream"",""B. Photosynthesis"",""C. Cellular respiration"",""D. Protein synthesis""]}"
"1112","112","112","What is the function of the placenta?","MCQ","1","{""question_number"":""112"",""question_text"":""What is the function of the placenta?"",""question_type"":""MCQ"",""marks"":1,""mcq_options"":[""A. Hormone production"",""B. Nutrient and gas exchange"",""C. Waste removal"",""D. All of the above""]}"
"1113","112","113","Which structure contains genetic material in bacteria?","MCQ","1","{""question_number"":""113"",""question_text"":""Which structure contains genetic material in bacteria?"",""question_type"":""MCQ"",""marks"":1,""mcq_options"":[""A. Nucleus"",""B. Nucleoid"",""C. Ribosome"",""D. Cell wall""]}"
"1114","112","114","Which hormone regulates blood calcium levels?","MCQ","1","{""question_number"":""114"",""question_text"":""Which hormone regulates blood calcium levels?"",""question_type"":""MCQ"",""marks"":1,""mcq_options"":[""A. Blood sugar regulation"",""B. Calcium regulation"",""C. Stress response"",""D. Growth regulation""]}"
"1115","112","115","Which type of cell division results in genetic variation?","MCQ","1","{""question_number"":""115"",""question_text"":""Which type of cell division results in genetic variation?"",""question_type"":""MCQ"",""marks"":1,""mcq_options"":[""A. Mitosis"",""B. Meiosis"",""C. Binary fission"",""D. Budding""]}"
"1116","112","116","What is the function of the cochlea?","MCQ","1","{""question_number"":""116"",""question_text"":""What is the function of the cochlea?"",""question_type"":""MCQ"",""marks"":1,""mcq_options"":[""A. Balance"",""B. Sound detection"",""C. Sound amplification"",""D. Sound transmission""]}"
"1117","112","117","Which plant hormones promote growth?","MCQ","1","{""question_number"":""117"",""question_text"":""Which plant hormones promote growth?"",""question_type"":""MCQ"",""marks"":1,""mcq_options"":[""A. Auxin"",""B. Cytokinin"",""C. Gibberellin"",""D. All of the above""]}"
"1118","112","118","What is the function of the skin?","MCQ","1","{""question_number"":""118"",""question_text"":""What is the function of the skin?"",""question_type"":""MCQ"",""marks"":1,""mcq_options"":[""A. Digestion"",""B. Protection"",""C. Circulation"",""D. Respiration""]}"
"1119","112","119","Which part of the brain controls involuntary functions?","MCQ","1","{""question_number"":""119"",""question_text"":""Which part of the brain controls involuntary functions?"",""question_type"":""MCQ"",""marks"":1,""mcq_options"":[""A. Cerebrum"",""B. Cerebellum"",""C. Brain stem"",""D. Hypothalamus""]}"
"1120","112","120","What is the function of villi in the small intestine?","MCQ","1","{""question_number"":""120"",""question_text"":""What is the function of villi in the small intestine?"",""question_type"":""MCQ"",""marks"":1,""mcq_options"":[""A. Enzyme production"",""B. Increased surface area for absorption"",""C. Waste storage"",""D. Hormone production""]}"
"1121","113","121","What is the maintenance of a constant internal environment called?","MCQ","1","{""question_number"":""121"",""question_text"":""What is the maintenance of a constant internal environment called?"",""question_type"":""MCQ"",""marks"":1,""mcq_options"":[""A. Metabolism"",""B. Homeostasis"",""C. Reproduction"",""D. Growth""]}"
"1122","113","122","What is the function of the thymus gland?","MCQ","1","{""question_number"":""122"",""question_text"":""What is the function of the thymus gland?"",""question_type"":""MCQ"",""marks"":1,""mcq_options"":[""A. Hormone production"",""B. T-cell maturation"",""C. Blood filtration"",""D. Digestion""]}"
"1123","113","123","In which plant structure does most photosynthesis occur?","MCQ","1","{""question_number"":""123"",""question_text"":""In which plant structure does most photosynthesis occur?"",""question_type"":""MCQ"",""marks"":1,""mcq_options"":[""A. Root"",""B. Stem"",""C. Leaf"",""D. Flower""]}"
"1124","113","124","What is the function of melatonin?","MCQ","1","{""question_number"":""124"",""question_text"":""What is the function of melatonin?"",""question_type"":""MCQ"",""marks"":1,""mcq_options"":[""A. Growth regulation"",""B. Sleep-wake cycle regulation"",""C. Blood pressure control"",""D. Digestion""]}"
"1125","113","125","Which types of muscle are involuntary?","MCQ","1","{""question_number"":""125"",""question_text"":""Which types of muscle are involuntary?"",""question_type"":""MCQ"",""marks"":1,""mcq_options"":[""A. Skeletal"",""B. Cardiac"",""C. Smooth"",""D. Both B and C""]}"
"1126","113","126","What is the function of the Eustachian tube?","MCQ","1","{""question_number"":""126"",""question_text"":""What is the function of the Eustachian tube?"",""question_type"":""MCQ"",""marks"":1,""mcq_options"":[""A. Hearing"",""B. Pressure equalization"",""C. Balance"",""D. Sound amplification""]}"
"1127","113","127","Which hormone stimulates milk production?","MCQ","1","{""question_number"":""127"",""question_text"":""Which hormone stimulates milk production?"",""question_type"":""MCQ"",""marks"":1,""mcq_options"":[""A. Estrogen"",""B. Progesterone"",""C. Prolactin"",""D. Oxytocin""]}"
"1128","113","128","What is the ultimate purpose of reproduction?","MCQ","1","{""question_number"":""128"",""question_text"":""What is the ultimate purpose of reproduction?"",""question_type"":""MCQ"",""marks"":1,""mcq_options"":[""A. Digestion"",""B. Species continuation"",""C. Circulation"",""D. Excretion""]}"
"1129","113","129","Which structure controls the amount of light entering the eye?","MCQ","1","{""question_number"":""129"",""question_text"":""Which structure controls the amount of light entering the eye?"",""question_type"":""MCQ"",""marks"":1,""mcq_options"":[""A. Cornea"",""B. Lens"",""C. Pupil"",""D. Retina""]}"
"1130","113","130","What is the function of synovial fluid?","MCQ","1","{""question_number"":""130"",""question_text"":""What is the function of synovial fluid?"",""question_type"":""MCQ"",""marks"":1,""mcq_options"":[""A. Nutrient transport"",""B. Joint lubrication"",""C. Hormone production"",""D. Waste removal""]}"
"1131","114","131","Which metabolic process breaks down complex molecules?","MCQ","1","{""question_number"":""131"",""question_text"":""Which metabolic process breaks down complex molecules?"",""question_type"":""MCQ"",""marks"":1,""mcq_options"":[""A. Anabolism"",""B. Catabolism"",""C. Photosynthesis"",""D. Transpiration""]}"
"1132","114","132","What is the function of the islets of Langerhans?","MCQ","1","{""question_number"":""132"",""question_text"":""What is the function of the islets of Langerhans?"",""question_type"":""MCQ"",""marks"":1,""mcq_options"":[""A. Enzyme production"",""B. Hormone production"",""C. Bile production"",""D. Acid production""]}"
"1133","114","133","Which plant structure is involved in sexual reproduction?","MCQ","1","{""question_number"":""133"",""question_text"":""Which plant structure is involved in sexual reproduction?"",""question_type"":""MCQ"",""marks"":1,""mcq_options"":[""A. Root"",""B. Stem"",""C. Leaf"",""D. Flower""]}"
"1134","114","134","What is the function of the corpus luteum?","MCQ","1","{""question_number"":""134"",""question_text"":""What is the function of the corpus luteum?"",""question_type"":""MCQ"",""marks"":1,""mcq_options"":[""A. Egg production"",""B. Hormone production"",""C. Fertilization"",""D. Menstruation""]}"
"1135","114","135","Which type of tissue covers body surfaces?","MCQ","1","{""question_number"":""135"",""question_text"":""Which type of tissue covers body surfaces?"",""question_type"":""MCQ"",""marks"":1,""mcq_options"":[""A. Connective"",""B. Epithelial"",""C. Muscle"",""D. Nervous""]}"
"1136","114","136","What is the function of the ossicles in the ear?","MCQ","1","{""question_number"":""136"",""question_text"":""What is the function of the ossicles in the ear?"",""question_type"":""MCQ"",""marks"":1,""mcq_options"":[""A. Sound detection"",""B. Sound amplification"",""C. Balance"",""D. Pressure regulation""]}"
"1137","114","137","Which hormone stimulates uterine contractions during childbirth?","MCQ","1","{""question_number"":""137"",""question_text"":""Which hormone stimulates uterine contractions during childbirth?"",""question_type"":""MCQ"",""marks"":1,""mcq_options"":[""A. Estrogen"",""B. Progesterone"",""C. Oxytocin"",""D. Prolactin""]}"
"1138","114","138","What is the primary function of the muscular system?","MCQ","1","{""question_number"":""138"",""question_text"":""What is the primary function of the muscular system?"",""question_type"":""MCQ"",""marks"":1,""mcq_options"":[""A. Support"",""B. Movement"",""C. Protection"",""D. Hormone production""]}"
"1139","114","139","Which part of the brain processes visual information?","MCQ","1","{""question_number"":""139"",""question_text"":""Which part of the brain processes visual information?"",""question_type"":""MCQ"",""marks"":1,""mcq_options"":[""A. Frontal lobe"",""B. Parietal lobe"",""C. Temporal lobe"",""D. Occipital lobe""]}"
"1140","114","140","What is the function of the pericardium?","MCQ","1","{""question_number"":""140"",""question_text"":""What is the function of the pericardium?"",""question_type"":""MCQ"",""marks"":1,""mcq_options"":[""A. Digestion"",""B. Organ protection"",""C. Hormone production"",""D. Blood circulation""]}"
"1141","115","141","Which process involves white blood cells engulfing bacteria?","MCQ","1","{""question_number"":""141"",""question_text"":""Which process involves white blood cells engulfing bacteria?"",""question_type"":""MCQ"",""marks"":1,""mcq_options"":[""A. Pinocytosis"",""B. Phagocytosis"",""C. Exocytosis"",""D. Osmosis""]}"
"1142","115","142","What is the function of the zona pellucida?","MCQ","1","{""question_number"":""142"",""question_text"":""What is the function of the zona pellucida?"",""question_type"":""MCQ"",""marks"":1,""mcq_options"":[""A. Egg protection"",""B. Sperm binding"",""C. Fertilization barrier"",""D. All of the above""]}"
"1143","115","143","In which plant structures does dormancy occur?","MCQ","1","{""question_number"":""143"",""question_text"":""In which plant structures does dormancy occur?"",""question_type"":""MCQ"",""marks"":1,""mcq_options"":[""A. Leaf"",""B. Root"",""C. Seed"",""D. All of the above""]}"
"1144","115","144","What is the function of the mammary glands?","MCQ","1","{""question_number"":""144"",""question_text"":""What is the function of the mammary glands?"",""question_type"":""MCQ"",""marks"":1,""mcq_options"":[""A. Hormone production"",""B. Milk production"",""C. Temperature regulation"",""D. Waste removal""]}"
"1145","115","145","Which type of joint allows rotation?","MCQ","1","{""question_number"":""145"",""question_text"":""Which type of joint allows rotation?"",""question_type"":""MCQ"",""marks"":1,""mcq_options"":[""A. Hinge joint"",""B. Ball and socket joint"",""C. Pivot joint"",""D. Gliding joint""]}"
"1146","115","146","What is the function of the middle ear?","MCQ","1","{""question_number"":""146"",""question_text"":""What is the function of the middle ear?"",""question_type"":""MCQ"",""marks"":1,""mcq_options"":[""A. Sound amplification"",""B. Sound transmission"",""C. Balance"",""D. Pressure regulation""]}"
"1147","115","147","Which hormone regulates water reabsorption in the kidneys?","MCQ","1","{""question_number"":""147"",""question_text"":""Which hormone regulates water reabsorption in the kidneys?"",""question_type"":""MCQ"",""marks"":1,""mcq_options"":[""A. Insulin"",""B. ADH"",""C. Adrenaline"",""D. Growth hormone""]}"
"1148","115","148","What is the function of mucus in the respiratory system?","MCQ","1","{""question_number"":""148"",""question_text"":""What is the function of mucus in the respiratory system?"",""question_type"":""MCQ"",""marks"":1,""mcq_options"":[""A. Digestion"",""B. Defense against pathogens"",""C. Circulation"",""D. Hormone production""]}"
"1149","115","149","Which part of the brain is associated with emotions?","MCQ","1","{""question_number"":""149"",""question_text"":""Which part of the brain is associated with emotions?"",""question_type"":""MCQ"",""marks"":1,""mcq_options"":[""A. Cerebrum"",""B. Cerebellum"",""C. Limbic system"",""D. Brain stem""]}"
"1150","115","150","What is the function of the pleural membrane?","MCQ","1","{""question_number"":""150"",""question_text"":""What is the function of the pleural membrane?"",""question_type"":""MCQ"",""marks"":1,""mcq_options"":[""A. Gas exchange"",""B. Lung protection"",""C. Air filtration"",""D. Sound production""]}"
"1151","116","151","Which process converts mRNA to protein?","MCQ","1","{""question_number"":""151"",""question_text"":""Which process converts mRNA to protein?"",""question_type"":""MCQ"",""marks"":1,""mcq_options"":[""A. Translation"",""B. Transcription"",""C. Replication"",""D. Mutation""]}"
"1152","116","152","What is the function of the rough endoplasmic reticulum?","MCQ","1","{""question_number"":""152"",""question_text"":""What is the function of the rough endoplasmic reticulum?"",""question_type"":""MCQ"",""marks"":1,""mcq_options"":[""A. Energy production"",""B. Enzyme storage"",""C. DNA storage"",""D. Motility""]}"
"1153","116","153","Which plant structure is used for climbing?","MCQ","1","{""question_number"":""153"",""question_text"":""Which plant structure is used for climbing?"",""question_type"":""MCQ"",""marks"":1,""mcq_options"":[""A. Root"",""B. Stem"",""C. Tendril"",""D. Leaf""]}"
"1154","116","154","What is the function of sebaceous glands?","MCQ","1","{""question_number"":""154"",""question_text"":""What is the function of sebaceous glands?"",""question_type"":""MCQ"",""marks"":1,""mcq_options"":[""A. Sweat production"",""B. Oil production"",""C. Hormone production"",""D. Temperature regulation""]}"
"1155","116","155","Which type of cartilage is found in the trachea?","MCQ","1","{""question_number"":""155"",""question_text"":""Which type of cartilage is found in the trachea?"",""question_type"":""MCQ"",""marks"":1,""mcq_options"":[""A. Hyaline cartilage"",""B. Elastic cartilage"",""C. Fibrocartilage"",""D. All of the above""]}"
"1156","116","156","What is the function of hair cells in the ear?","MCQ","1","{""question_number"":""156"",""question_text"":""What is the function of hair cells in the ear?"",""question_type"":""MCQ"",""marks"":1,""mcq_options"":[""A. Balance"",""B. Sound transduction"",""C. Sound amplification"",""D. Pressure regulation""]}"
"1157","116","157","Which hormone stimulates red blood cell production?","MCQ","1","{""question_number"":""157"",""question_text"":""Which hormone stimulates red blood cell production?"",""question_type"":""MCQ"",""marks"":1,""mcq_options"":[""A. Insulin"",""B. Erythropoietin"",""C. Adrenaline"",""D. Growth hormone""]}"
"1158","116","158","What is the function of the large intestine?","MCQ","1","{""question_number"":""158"",""question_text"":""What is the function of the large intestine?"",""question_type"":""MCQ"",""marks"":1,""mcq_options"":[""A. Digestion"",""B. Waste removal"",""C. Circulation"",""D. Hormone production""]}"
"1159","116","159","Which part of the brain processes hearing?","MCQ","1","{""question_number"":""159"",""question_text"":""Which part of the brain processes hearing?"",""question_type"":""MCQ"",""marks"":1,""mcq_options"":[""A. Frontal lobe"",""B. Parietal lobe"",""C. Temporal lobe"",""D. Occipital lobe""]}"
"1160","116","160","What is the function of the pericardium?","MCQ","1","{""question_number"":""160"",""question_text"":""What is the function of the pericardium?"",""question_type"":""MCQ"",""marks"":1,""mcq_options"":[""A. Blood circulation"",""B. Heart protection"",""C. Hormone production"",""D. Gas exchange""]}"
"1161","117","161","Which process copies DNA to DNA?","MCQ","1","{""question_number"":""161"",""question_text"":""Which process copies DNA to DNA?"",""question_type"":""MCQ"",""marks"":1,""mcq_options"":[""A. Translation"",""B. Transcription"",""C. Replication"",""D. Mutation""]}"
"1162","117","162","What is the function of cilia in cells?","MCQ","1","{""question_number"":""162"",""question_text"":""What is the function of cilia in cells?"",""question_type"":""MCQ"",""marks"":1,""mcq_options"":[""A. Energy production"",""B. Motility"",""C. DNA storage"",""D. Enzyme storage""]}"
"1163","117","163","Where is the apical meristem located in plants?","MCQ","1","{""question_number"":""163"",""question_text"":""Where is the apical meristem located in plants?"",""question_type"":""MCQ"",""marks"":1,""mcq_options"":[""A. Root tip"",""B. Shoot tip"",""C. Leaf"",""D. Flower""]}"
"1164","117","164","What is the function of sweat glands?","MCQ","1","{""question_number"":""164"",""question_text"":""What is the function of sweat glands?"",""question_type"":""MCQ"",""marks"":1,""mcq_options"":[""A. Oil production"",""B. Temperature regulation"",""C. Hormone production"",""D. Waste storage""]}"
"1165","117","165","Which type of bone tissue is dense and hard?","MCQ","1","{""question_number"":""165"",""question_text"":""Which type of bone tissue is dense and hard?"",""question_type"":""MCQ"",""marks"":1,""mcq_options"":[""A. Spongy bone"",""B. Compact bone"",""C. Cartilage"",""D. Marrow""]}"
"1166","117","166","What is the function of the vestibular system?","MCQ","1","{""question_number"":""166"",""question_text"":""What is the function of the vestibular system?"",""question_type"":""MCQ"",""marks"":1,""mcq_options"":[""A. Hearing"",""B. Balance"",""C. Sound amplification"",""D. Pressure regulation""]}"
"1167","117","167","Which hormone is produced by the posterior pituitary?","MCQ","1","{""question_number"":""167"",""question_text"":""Which hormone is produced by the posterior pituitary?"",""question_type"":""MCQ"",""marks"":1,""mcq_options"":[""A. Growth hormone"",""B. ADH"",""C. Prolactin"",""D. ACTH""]}"
"1168","117","168","What is the main function of the duodenum?","MCQ","1","{""question_number"":""168"",""question_text"":""What is the main function of the duodenum?"",""question_type"":""MCQ"",""marks"":1,""mcq_options"":[""A. Gas exchange"",""B. Nutrient breakdown and absorption"",""C. Waste removal"",""D. Hormone production""]}"
"1169","117","169","Which part of the brain controls voluntary movement?","MCQ","1","{""question_number"":""169"",""question_text"":""Which part of the brain controls voluntary movement?"",""question_type"":""MCQ"",""marks"":1,""mcq_options"":[""A. Frontal lobe"",""B. Parietal lobe"",""C. Temporal lobe"",""D. Occipital lobe""]}"
"1170","117","170","What is the function of the meninges?","MCQ","1","{""question_number"":""170"",""question_text"":""What is the function of the meninges?"",""question_type"":""MCQ"",""marks"":1,""mcq_options"":[""A. Blood circulation"",""B. Brain and spinal cord protection"",""C. Hormone production"",""D. Nerve signal transmission""]}"
"1171","118","171","Which process uses ribosomes to make proteins?","MCQ","1","{""question_number"":""171"",""question_text"":""Which process uses ribosomes to make proteins?"",""question_type"":""MCQ"",""marks"":1,""mcq_options"":[""A. Translation"",""B. Transcription"",""C. Replication"",""D. Mutation""]}"
"1172","118","172","What is the function of mitochondrial cristae?","MCQ","1","{""question_number"":""172"",""question_text"":""What is the function of mitochondrial cristae?"",""question_type"":""MCQ"",""marks"":1,""mcq_options"":[""A. DNA storage"",""B. Energy production"",""C. Enzyme storage"",""D. Motility""]}"
"1173","118","173","Which part of a flower develops into a fruit?","MCQ","1","{""question_number"":""173"",""question_text"":""Which part of a flower develops into a fruit?"",""question_type"":""MCQ"",""marks"":1,""mcq_options"":[""A. Anther"",""B. Stigma"",""C. Ovary"",""D. Filament""]}"
"1174","118","174","What are the functions of the skin?","MCQ","1","{""question_number"":""174"",""question_text"":""What are the functions of the skin?"",""question_type"":""MCQ"",""marks"":1,""mcq_options"":[""A. Temperature regulation"",""B. Hair production"",""C. Sensory function"",""D. All of the above""]}"
"1175","118","175","Which type of muscle fiber is adapted for endurance?","MCQ","1","{""question_number"":""175"",""question_text"":""Which type of muscle fiber is adapted for endurance?"",""question_type"":""MCQ"",""marks"":1,""mcq_options"":[""A. Fast-twitch"",""B. Slow-twitch"",""C. Intermediate"",""D. Cardiac""]}"
"1176","118","176","What is the function of the auditory nerve?","MCQ","1","{""question_number"":""176"",""question_text"":""What is the function of the auditory nerve?"",""question_type"":""MCQ"",""marks"":1,""mcq_options"":[""A. Sound detection"",""B. Sound transmission to brain"",""C. Balance"",""D. Sound amplification""]}"
"1177","118","177","Which hormone regulates the sleep-wake cycle?","MCQ","1","{""question_number"":""177"",""question_text"":""Which hormone regulates the sleep-wake cycle?"",""question_type"":""MCQ"",""marks"":1,""mcq_options"":[""A. Insulin"",""B. Melatonin"",""C. Adrenaline"",""D. Growth hormone""]}"
"1178","118","178","What is the main function of the circulatory system?","MCQ","1","{""question_number"":""178"",""question_text"":""What is the main function of the circulatory system?"",""question_type"":""MCQ"",""marks"":1,""mcq_options"":[""A. Gas exchange"",""B. Transport of materials"",""C. Digestion"",""D. Hormone production""]}"
"1179","118","179","Which part of the brain processes touch sensations?","MCQ","1","{""question_number"":""179"",""question_text"":""Which part of the brain processes touch sensations?"",""question_type"":""MCQ"",""marks"":1,""mcq_options"":[""A. Frontal lobe"",""B. Parietal lobe"",""C. Temporal lobe"",""D. Occipital lobe""]}"
"1180","118","180","What is the function of cerebrospinal fluid?","MCQ","1","{""question_number"":""180"",""question_text"":""What is the function of cerebrospinal fluid?"",""question_type"":""MCQ"",""marks"":1,""mcq_options"":[""A. Nutrient transport"",""B. Brain protection"",""C. Hormone regulation"",""D. Waste removal""]}"
"1181","119","181","Which process produces cells with half the normal chromosome number?","MCQ","1","{""question_number"":""181"",""question_text"":""Which process produces cells with half the normal chromosome number?"",""question_type"":""MCQ"",""marks"":1,""mcq_options"":[""A. Mitosis"",""B. Meiosis"",""C. Binary fission"",""D. Budding""]}"
"1182","119","182","What is the function of the acrosome in sperm?","MCQ","1","{""question_number"":""182"",""question_text"":""What is the function of the acrosome in sperm?"",""question_type"":""MCQ"",""marks"":1,""mcq_options"":[""A. Egg protection"",""B. Sperm guidance"",""C. Hormone production"",""D. Fertilization""]}"
"1183","119","183","Which plant structure absorbs water and minerals?","MCQ","1","{""question_number"":""183"",""question_text"":""Which plant structure absorbs water and minerals?"",""question_type"":""MCQ"",""marks"":1,""mcq_options"":[""A. Root"",""B. Stem"",""C. Leaf"",""D. Flower""]}"
"1184","119","184","What are the functions of adipose tissue?","MCQ","1","{""question_number"":""184"",""question_text"":""What are the functions of adipose tissue?"",""question_type"":""MCQ"",""marks"":1,""mcq_options"":[""A. Protection"",""B. Insulation"",""C. Energy storage"",""D. All of the above""]}"
"1185","119","185","Which type of tissue stores fat?","MCQ","1","{""question_number"":""185"",""question_text"":""Which type of tissue stores fat?"",""question_type"":""MCQ"",""marks"":1,""mcq_options"":[""A. Bone"",""B. Cartilage"",""C. Adipose tissue"",""D. Blood""]}"
"1186","119","186","What is the function of the optic nerve?","MCQ","1","{""question_number"":""186"",""question_text"":""What is the function of the optic nerve?"",""question_type"":""MCQ"",""marks"":1,""mcq_options"":[""A. Light focusing"",""B. Visual signal transmission"",""C. Pupil control"",""D. Eye movement""]}"
"1187","119","187","Which hormone triggers ovulation?","MCQ","1","{""question_number"":""187"",""question_text"":""Which hormone triggers ovulation?"",""question_type"":""MCQ"",""marks"":1,""mcq_options"":[""A. Estrogen"",""B. Progesterone"",""C. LH"",""D. FSH""]}"
"1188","119","188","What is the main function of the alveoli?","MCQ","1","{""question_number"":""188"",""question_text"":""What is the main function of the alveoli?"",""question_type"":""MCQ"",""marks"":1,""mcq_options"":[""A. Nutrient transport"",""B. Gas exchange"",""C. Waste removal"",""D. Hormone production""]}"
"1189","119","189","Which brain structure is associated with memory formation?","MCQ","1","{""question_number"":""189"",""question_text"":""Which brain structure is associated with memory formation?"",""question_type"":""MCQ"",""marks"":1,""mcq_options"":[""A. Cerebrum"",""B. Hippocampus"",""C. Cerebellum"",""D. Brain stem""]}"
"1190","119","190","What are the functions of cerebrospinal fluid?","MCQ","1","{""question_number"":""190"",""question_text"":""What are the functions of cerebrospinal fluid?"",""question_type"":""MCQ"",""marks"":1,""mcq_options"":[""A. Nutrient transport"",""B. Brain cushioning"",""C. Waste removal"",""D. All of the above""]}"
"1191","120","191","Which process involves the fusion of gametes?","MCQ","1","{""question_number"":""191"",""question_text"":""Which process involves the fusion of gametes?"",""question_type"":""MCQ"",""marks"":1,""mcq_options"":[""A. Mitosis"",""B. Sexual reproduction"",""C. Asexual reproduction"",""D. Binary fission""]}"
"1192","120","192","What are the functions of the zona pellucida?","MCQ","1","{""question_number"":""192"",""question_text"":""What are the functions of the zona pellucida?"",""question_type"":""MCQ"",""marks"":1,""mcq_options"":[""A. Egg nourishment"",""B. Sperm binding"",""C. Hormone production"",""D. All of the above""]}"
"1193","120","193","Which plant structure contains chlorophyll?","MCQ","1","{""question_number"":""193"",""question_text"":""Which plant structure contains chlorophyll?"",""question_type"":""MCQ"",""marks"":1,""mcq_options"":[""A. Root"",""B. Stem"",""C. Leaf"",""D. Flower""]}"
"1194","120","194","What is the function of melanocytes?","MCQ","1","{""question_number"":""194"",""question_text"":""What is the function of melanocytes?"",""question_type"":""MCQ"",""marks"":1,""mcq_options"":[""A. Hair production"",""B. Pigment production"",""C. Oil production"",""D. Sweat production""]}"
"1195","120","195","Which type of tissue transmits electrical signals?","MCQ","1","{""question_number"":""195"",""question_text"":""Which type of tissue transmits electrical signals?"",""question_type"":""MCQ"",""marks"":1,""mcq_options"":[""A. Epithelial"",""B. Connective"",""C. Muscle"",""D. Nervous""]}"
"1196","120","196","What is the function of the vitreous humor?","MCQ","1","{""question_number"":""196"",""question_text"":""What is the function of the vitreous humor?"",""question_type"":""MCQ"",""marks"":1,""mcq_options"":[""A. Light focusing"",""B. Eye shape maintenance"",""C. Nutrient transport"",""D. Light detection""]}"
"1197","120","197","Which hormone stimulates milk ejection?","MCQ","1","{""question_number"":""197"",""question_text"":""Which hormone stimulates milk ejection?"",""question_type"":""MCQ"",""marks"":1,""mcq_options"":[""A. Estrogen"",""B. Progesterone"",""C. Oxytocin"",""D. Prolactin""]}"
"1198","120","198","What is the main function of the nephron?","MCQ","1","{""question_number"":""198"",""question_text"":""What is the main function of the nephron?"",""question_type"":""MCQ"",""marks"":1,""mcq_options"":[""A. Digestion"",""B. Filtration and excretion"",""C. Circulation"",""D. Hormone production""]}"
"1199","120","199","Which part of the brain regulates body temperature?","MCQ","1","{""question_number"":""199"",""question_text"":""Which part of the brain regulates body temperature?"",""question_type"":""MCQ"",""marks"":1,""mcq_options"":[""A. Cerebrum"",""B. Cerebellum"",""C. Hypothalamus"",""D. Brain stem""]}"
"1200","120","200","What is the function of the choroid plexus?","MCQ","1","{""question_number"":""200"",""question_text"":""What is the function of the choroid plexus?"",""question_type"":""MCQ"",""marks"":1,""mcq_options"":[""A. Blood circulation"",""B. CSF production"",""C. Hormone production"",""D. Waste removal""]}"